id;contact_name;address_1;address_2;address_3;address_4;address_5;address_6;dial_code;phone_number;messenger_id;date_added;in_active;in_active_date
1;Metal;Kentucky;Synergized killer B2C;driver;bottom-line Dynamic payment;Lari Infrastructure alarm;Massachusetts productize;coherent;Account access;Soft whiteboard;2022-07-05T08:50:40;false;2022-07-05T07:41:42
2;parallelism generation Incredible;Rustic Tools;transmit Pakistan Carolina;Jersey Jordanian;Handmade;yellow hacking 24/7;yellow Chicken Missouri;Account;transmitting needs-based encoding;deposit;2022-07-05T23:09:37;true;2022-07-05T10:29:20
3;clicks-and-mortar Legacy Outdoors;Rial Berkshire;Music;parsing envisioneer;withdrawal;Towels;moderator;Music;hacking;Sports Florida;2022-07-05T00:06:52;true;2022-07-05T12:26:15
4;extranet;intuitive Outdoors strategize;payment;Accounts Dinar Loan;Metal primary;Berkshire Account core;definition;Peso;Soap;extend;2022-07-05T05:41:04;false;2022-07-05T21:58:46
5;Villages transmitter sky;deliverables multi-byte;Usability Up-sized;Facilitator JSON Dynamic;connecting;SDR web;redundant Botswana;Refined implementation out-of-the-box;Fresh;Parks;2022-07-05T07:40:47;false;2022-07-05T17:52:10
6;Security input;Rubber;Table;wireless bypassing;Awesome Identity infomediaries;deposit Antilles Shoals;Polynesia non-volatile;infomediaries primary;Bedfordshire eco-centric;Keyboard turn-key Rubber;2022-07-05T07:30:40;false;2022-07-05T21:23:25
7;capability;Associate;Electronics Chicken networks;Rial synthesizing Run;Cotton monetize bluetooth;initiatives Rhode Visionary;Salad;Sharable Industrial invoice;Borders;fresh-thinking Towels connect;2022-07-05T20:35:22;true;2022-07-05T23:48:02
8;Martinique hour transitional;Home content;state fault-tolerant;Fantastic implementation;engineer Pataca;strategic;value-added;Island Tasty Account;Metal;Enhanced;2022-07-05T21:53:42;true;2022-07-05T04:31:07
9;Investment;Sleek task-force;SAS;connecting;Namibia Azerbaijanian orchestrate;Generic;SDD lavender withdrawal;drive Peso;synthesizing Incredible connecting;Austria Minnesota;2022-07-05T19:04:35;true;2022-07-05T10:56:48
10;Frozen;Manager Practical;Account Jewelery moratorium;AGP Identity Kids;Intelligent cohesive;Agent;enhance invoice Serbia;Netherlands;Visionary;Zambia;2022-07-05T19:07:56;true;2022-07-05T15:27:23
